Workbook

Sheet Instrucciones
A1: Catálogo Maestro de Amenazas (CMA) – v1.1
A2: Estándar de modelado de amenazas por proceso. Insumo para el análisis de riesgos. Reutilizable: el catálogo no contiene nombres de clientes.
A4: Propósito | B4: Identificar de forma estandarizada las amenazas de cada proceso mediante modelado de amenazas, para usarlas como insumo del análisis de riesgos. El modelado no evalúa probabilidad ni impacto; eso corresponde a la metodología de riesgos aprobada por la organización.
A5: Versión / fecha | B5: 1.1 – 2026-10-07
A7: REFERENCIAL (FIJO PARA TODOS LOS PROCESOS)
A8: Clasificación | B8: STRIDE (Microsoft; Shostack, A. Threat Modeling: Designing for Security, Wiley, 2014). Clasifica la propiedad de seguridad afectada; no es fuente de amenazas.
A9: Origen de cada amenaza | B9: NIST SP 800-30 Rev.1 (2012): Tabla D-2 (fuentes de amenaza), Tabla E-2 (eventos adversariales), Tabla E-3 (eventos no adversariales). Si no existe un evento equivalente, se define uno conforme a la plantilla de la Tabla E-5 ('Organization-defined') con justificación documentada.
A10: Tendencia del sector | B10: Hoja 'Fuentes_Tendencia' (FT-01 a FT-04): Verizon DBIR 2025 y 2026, ENISA Threat Landscape 2025 y la alerta conjunta CISA AA22-131A sobre proveedores de servicios administrados. Cada amenaza tiene un nivel fijo (Alta, Media, Baja) asignado en el catálogo.
A11: Tratamiento de referencia | B11: ISO/IEC 27001:2022, Anexo A. Se usa como referencia de mitigación y para enlazar con la SoA y el Plan de Tratamiento de Riesgos.
A12: Complementaria (opcional) | B12: MITRE ATT&CK, solo para amenazas técnicas. Nunca sustituye la fuente NIST.
A14: ESTÁNDAR DE 25 AMENAZAS POR DIAGRAMA
A15: Regla | B15: Cada diagrama (proceso) registra como máximo 25 amenazas. Es un máximo, no una meta: un proceso pequeño puede tener menos.
A16: Qué cuenta como amenaza | B16: Cada fila de la hoja 'Aplicación' (una amenaza del catálogo aplicada a un elemento del DFD). Si la misma AMZ aplica a dos elementos, cuenta dos veces.
A17: Puntaje | B17: (Nivel de tendencia: Alta = 3, Media = 2, Baja = 1) × 10 + criterios del diagrama cumplidos (0 a 3): cruza frontera de confianza, efecto multicliente, sin control en el procedimiento.
A18: Selección | B18: La hoja 'Aplicación' calcula el lugar de cada amenaza dentro de su diagrama y marca automáticamente 'Priorizada = Sí' a las 25 de mayor puntaje. En caso de empate en el lugar 25, decide el analista y lo documenta en la justificación.
A19: No priorizadas | B19: No se eliminan: permanecen en la hoja 'Aplicación' con 'Priorizada = No' y pueden considerarse en el análisis de riesgos si el dueño del proceso lo solicita.
A21: CÓMO USARLO EN UN PROCESO
A22: Paso 1 | B22: Dibujar el DFD del proceso en Threat Dragon.
A23: Paso 2 | B23: Recorrer cada elemento con STRIDE según la matriz de 'Ref_STRIDE'.
A24: Paso 3 | B24: Seleccionar del 'Catálogo' la amenaza (ID AMZ) que corresponde; registrarla en 'Aplicación' y marcar los 3 criterios del diagrama.
A25: Paso 4 | B25: Capturar en Threat Dragon solo las amenazas con 'Priorizada = Sí', con el formato estándar.
A26: Paso 5 | B26: Entregar la hoja 'Aplicación' como insumo al análisis de riesgos (las amenazas priorizadas se convierten en escenarios de riesgo).
A28: FORMATO EN THREAT DRAGON
A29: Título ('Title') | B29: AMZ-xx · <Título del catálogo>
A30: Tipo ('Type') | B30: Categoría STRIDE principal.
A31: Descripción ('Description') | B31: Escenario: … | Evento NIST SP 800-30 (Tabla E-x): <nombre exacto> | Fuente de amenaza (Tabla D-2): <tipo – subtipo> | Tendencia del sector: <nivel> (FT-xx) | Actividad del procedimiento: … | Justificación: …
A32: Mitigación ('Mitigation') | B32: ISO/IEC 27001:2022 A.x.x – <acción concreta>
A33: Severidad ('Severity') | B33: Se deja en 'TBD' o en el nivel derivado del puntaje solo como referencia visual; la severidad real la determina el análisis de riesgos.
A35: REGLAS DE GOBIERNO
A36: R1 – Responsable | B36: Un responsable designado aprueba altas, bajas y cambios del catálogo y de las fuentes de tendencia.
A37: R2 – Alta antes de uso | B37: Ninguna amenaza entra a un diagrama si no existe en el catálogo.
A38: R3 – IDs permanentes | B38: Los IDs no se reutilizan; una amenaza dada de baja conserva su ID con estado 'Baja'.
A39: R4 – Actualización de tendencias | B39: Las fuentes de tendencia se actualizan una vez al año (al publicarse nuevas ediciones de DBIR y ENISA) y los niveles se revisan en ese momento.
A40: R5 – Versionado | B40: Todo cambio incrementa la versión y se registra en 'Bitácora'.
A41: R6 – Reutilización | B41: Los datos de clientes solo van en 'Aplicación' y en los diagramas, nunca en el 'Catálogo'.
A43: LEYENDA
A44: Celdas amarillas | B44: Campos que llena el analista.
A45: Celdas sin color en 'Aplicación' | B45: Fórmulas automáticas; no editar.

Sheet Catálogo
A1: ID | B1: Título | C1: STRIDE principal | D1: STRIDE secundaria | E1: Tabla NIST | F1: Evento NIST SP 800-30 (nombre exacto) | G1: Traducción del evento | H1: Tipo de fuente (Tabla D-2) | I1: Fuente específica (Tabla D-2) | J1: Descripción genérica | K1: Elementos DFD típicos | L1: CID afectada | M1: Controles ISO/IEC 27001:2022 (Anexo A) | N1: MITRE ATT&CK (opcional) | O1: Nota de adaptación / justificación (E-5) | P1: Tendencia del sector | Q1: Fuentes de tendencia | R1: Estado | S1: Versión
A2: AMZ-01 | B2: Suplantación de un solicitante autorizado mediante ingeniería social | C2: Spoofing | E2: E-2 | F2: Conduct outsider-based social engineering to obtain information. | G2: Realizar ingeniería social desde el exterior para obtener información | H2: Adversarial | I2: Outsider (externo) | J2: Un tercero se hace pasar por una persona autorizada (por teléfono, correo u otro canal) para obtener información o lograr que se ejecute una acción en su nombre. | K2: Actor; flujo de entrada | L2: C, I | M2: A.5.16; A.5.17; A.8.5; A.6.3 | N2: T1598 Phishing for Information | O2: Adaptación permitida por el Apéndice E: el evento se extiende a la obtención de acciones (por ejemplo, cambios) además de información. | P2: Alta | Q2: FT-01; FT-03 | R2: Vigente | S2: 1.0
A3: AMZ-02 | B3: Suplantación de remitente o dominio en correo electrónico | C3: Spoofing | D3: Information disclosure | E3: E-2 | F3: Craft phishing attacks. | G3: Elaborar ataques de phishing | H3: Adversarial | I3: Outsider (externo) | J3: Un atacante falsifica comunicaciones que aparentan provenir de una fuente legítima para obtener credenciales, información o inducir acciones. | K3: Actor; flujo de correo; proceso de recepción | L3: C, I | M3: A.5.14; A.8.7; A.8.23; A.6.3 | N3: T1566 Phishing | P3: Alta | Q3: FT-02; FT-03 | R3: Vigente | S3: 1.0
A4: AMZ-03 | B4: Adivinación o fuerza bruta de contraseñas | C4: Spoofing | E4: E-2 | F4: Conduct brute force login attempts/password guessing attacks. | G4: Realizar intentos de inicio de sesión por fuerza bruta o adivinación de contraseñas | H4: Adversarial | I4: Outsider (externo) | J4: Intentos sistemáticos de adivinar contraseñas para acceder a sistemas, portales o consolas. | K4: Proceso con autenticación; consola administrativa | L4: C, I | M4: A.5.17; A.8.5 | N4: T1110 Brute Force | P4: Media | Q4: FT-01; FT-02 | R4: Vigente | S4: 1.0
A5: AMZ-04 | B5: Uso indebido de cuentas compartidas o genéricas | C5: Spoofing | D5: Repudiation | E5: E-5 (org.) | F5: Organization-defined: Misuse of shared or generic accounts. | G5: Uso indebido de cuentas compartidas o genéricas | H5: Adversarial | I5: Insider (interno) | J5: Una persona usa una cuenta compartida o genérica para ejecutar acciones que no pueden atribuirse a un individuo. | K5: Proceso; actor interno o de proveedor | L5: I | M5: A.5.16; A.5.18; A.8.2; A.8.5; A.8.15 | N5: T1078 Valid Accounts | O5: Las Tablas E-2/E-3 no contienen un evento equivalente; se define conforme a la Tabla E-5 por su recurrencia en servicios administrados. | P5: Media | Q5: FT-02 | R5: Vigente | S5: 1.0
A6: AMZ-05 | B6: Compromiso de un proveedor con acceso de confianza | C6: Spoofing | D6: Elevation of privilege | E6: E-5 (org.) | F6: Organization-defined: Compromise of a third party with trusted access. | G6: Compromiso de un tercero con acceso de confianza | H6: Adversarial | I6: Supplier (proveedor) | J6: Un atacante compromete a un proveedor o tercero con acceso legítimo a los sistemas y lo usa como vía de entrada. | K6: Actor proveedor; flujo de acceso remoto | L6: C, I, D | M6: A.5.19; A.5.20; A.5.21; A.5.22; A.8.2; A.8.5 | N6: T1199 Trusted Relationship | O6: La Tabla E-2 aborda la cadena de suministro de hardware, software y firmware; el compromiso de proveedores de servicios con acceso se define conforme a la Tabla E-5, con fuente D-2 'Supplier'. | P6: Alta | Q6: FT-02; FT-03; FT-04 | R6: Vigente | S6: 1.0
A7: AMZ-06 | B7: Secuestro de una sesión legítima establecida | C7: Spoofing | D7: Elevation of privilege | E7: E-2 | F7: Conduct externally-based session hijacking. | G7: Realizar secuestro de sesión desde el exterior | H7: Adversarial | I7: Outsider (externo) | J7: Toma de control de una sesión legítima ya establecida, por ejemplo una sesión de administración remota. | K7: Flujo de acceso remoto; proceso web | L7: C, I | M7: A.8.5; A.8.20; A.8.24 | N7: T1563 Remote Service Session Hijacking | P7: Media | Q7: FT-03 | R7: Vigente | S7: 1.0
A8: AMZ-07 | B8: Intermediario en comunicaciones (man in the middle) | C8: Tampering | D8: Information disclosure | E8: E-2 | F8: Conduct externally-based network traffic modification (man in the middle) attacks. | G8: Realizar ataques de modificación de tráfico de red desde el exterior (intermediario) | H8: Adversarial | I8: Outsider (externo) | J8: El atacante intercepta y retransmite comunicaciones entre dos partes para leerlas o alterarlas sin que lo noten. | K8: Flujo por red pública | L8: C, I | M8: A.8.20; A.8.21; A.8.24; A.5.14 | N8: T1557 Adversary-in-the-Middle | P8: Baja | Q8: Sin mención relevante en fuentes del sector | R8: Vigente | S8: 1.0
A9: AMZ-08 | B9: Intercepción de comunicaciones sin cifrado o con cifrado débil | C9: Information disclosure | E9: E-2 | F9: Conduct communications interception attacks. | G9: Realizar ataques de intercepción de comunicaciones | H9: Adversarial | I9: Outsider (externo) | J9: Captura de información transmitida por canales sin cifrar o con cifrado débil (correo, protocolos inseguros). | K9: Flujo | L9: C | M9: A.5.14; A.8.20; A.8.24 | N9: T1040 Network Sniffing | P9: Baja | Q9: Sin mención relevante en fuentes del sector | R9: Vigente | S9: 1.0
A10: AMZ-09 | B10: Divulgación de información inducida en usuarios autorizados | C10: Information disclosure | E10: E-2 | F10: Cause disclosure of critical and/or sensitive information by authorized users. | G10: Provocar la divulgación de información crítica o sensible por parte de usuarios autorizados | H10: Adversarial | I10: Outsider (externo) | J10: Mediante engaño, se induce a usuarios autorizados a revelar o manejar indebidamente información sensible. | K10: Actor; proceso de atención | L10: C | M10: A.6.3; A.5.12; A.5.14 | N10: T1598 Phishing for Information | P10: Alta | Q10: FT-01; FT-03 | R10: Vigente | S10: 1.0
A11: AMZ-10 | B11: Manejo inadecuado de información sensible por usuarios autorizados | C11: Information disclosure | E11: E-3 | F11: Mishandling of critical and/or sensitive information by authorized users. | G11: Manejo inadecuado de información crítica o sensible por usuarios autorizados | H11: Accidental | I11: Privileged User/Administrator (usuario privilegiado) | J11: Un usuario autorizado expone información sensible por error (envío a destinatario incorrecto, publicación indebida, detalle técnico excesivo). | K11: Flujo de salida; proceso | L11: C | M11: A.5.12; A.5.13; A.5.14; A.6.3; A.8.12 | P11: Media | Q11: FT-01 | R11: Vigente | S11: 1.0
A12: AMZ-11 | B12: Registro de información sensible en sistemas no autorizados | C12: Information disclosure | E12: E-3 | F12: Spill sensitive information. | G12: Derrame de información sensible | H12: Accidental | I12: User (usuario) | J12: Información sensible (credenciales, llaves, configuraciones) se coloca en sistemas no autorizados para ese nivel de sensibilidad, como tickets, correo o mensajería. | K12: Almacén; proceso | L12: C | M12: A.5.12; A.5.17; A.8.11; A.8.12 | N12: T1552 Unsecured Credentials | P12: Media | Q12: FT-02 | R12: Vigente | S12: 1.0
A13: AMZ-12 | B13: Exfiltración de información sensible | C13: Information disclosure | E13: E-2 | F13: Obtain sensitive information via exfiltration. | G13: Obtener información sensible mediante exfiltración | H13: Adversarial | I13: Outsider (externo) | J13: Código malicioso o un atacante localiza y extrae de forma encubierta información sensible de los sistemas. | K13: Almacén; proceso | L13: C | M13: A.8.7; A.8.12; A.8.16; A.8.24 | N13: T1048 Exfiltration Over Alternative Protocol | P13: Media | Q13: FT-01 | R13: Vigente | S13: 1.0
A14: AMZ-13 | B14: Acceso que excede la autorización otorgada | C14: Elevation of privilege | D14: Information disclosure | E14: E-2 | F14: Obtain unauthorized access. | G14: Obtener acceso no autorizado | H14: Adversarial | I14: Insider (interno) | J14: Un usuario con acceso legítimo obtiene acceso a recursos más allá de lo autorizado (por ejemplo, información de otros clientes). | K14: Proceso; almacén | L14: C, I | M14: A.5.15; A.5.18; A.8.2; A.8.3 | N14: T1078 Valid Accounts | P14: Media | Q14: FT-02 | R14: Vigente | S14: 1.0
A15: AMZ-14 | B15: Asignación incorrecta de privilegios | C15: Elevation of privilege | E15: E-3 | F15: Incorrect privilege settings. | G15: Configuración incorrecta de privilegios | H15: Accidental | I15: Privileged User/Administrator (usuario privilegiado) | J15: Un administrador asigna por error privilegios excesivos a un usuario o reduce los requisitos de acceso de un recurso. | K15: Proceso; almacén | L15: C, I | M15: A.5.15; A.5.18; A.8.2 | P15: Baja | Q15: Sin mención relevante en fuentes del sector | R15: Vigente | S15: 1.0
A16: AMZ-15 | B16: Persona malintencionada en posición privilegiada | C16: Elevation of privilege | D16: Tampering | E16: E-2 | F16: Insert subverted individuals into privileged positions in organizations. | G16: Introducir personas comprometidas en posiciones privilegiadas de la organización | H16: Adversarial | I16: Privileged Insider (interno privilegiado) | J16: Una persona con funciones privilegiadas (interna o de un proveedor) actúa deliberadamente contra la organización o sus clientes. | K16: Actor interno o de proveedor | L16: C, I, D | M16: A.6.1; A.6.6; A.5.3; A.8.2; A.8.15 | N16: T1078 Valid Accounts | P16: Media | Q16: FT-02; FT-04 | R16: Vigente | S16: 1.0
A17: AMZ-16 | B17: Explotación de sistemas mal configurados expuestos a Internet | C17: Elevation of privilege | D17: Information disclosure | E17: E-2 | F17: Exploit poorly configured or unauthorized information systems exposed to the Internet. | G17: Explotar sistemas mal configurados o no autorizados expuestos a Internet | H17: Adversarial | I17: Outsider (externo) | J17: Acceso desde Internet a sistemas o interfaces (por ejemplo, de administración) que no deberían estar expuestos o no cumplen la configuración requerida. | K17: Proceso expuesto; flujo de administración | L17: C, I, D | M17: A.8.9; A.8.20; A.8.21; A.8.22 | N17: T1133 External Remote Services | P17: Alta | Q17: FT-01; FT-02 | R17: Vigente | S17: 1.0
A18: AMZ-17 | B18: Explotación de vulnerabilidades recién descubiertas | C18: Elevation of privilege | D18: Tampering | E18: E-2 | F18: Exploit recently discovered vulnerabilities. | G18: Explotar vulnerabilidades recién descubiertas | H18: Adversarial | I18: Outsider (externo) | J18: Aprovechamiento de vulnerabilidades publicadas antes de que se apliquen parches o mitigaciones. | K18: Proceso; dispositivo de seguridad | L18: C, I, D | M18: A.8.8; A.5.7; A.8.9 | N18: T1190 Exploit Public-Facing Application | P18: Alta | Q18: FT-01; FT-02; FT-03 | R18: Vigente | S18: 1.0
A19: AMZ-18 | B19: Uso de puertos, protocolos o servicios no autorizados | C19: Elevation of privilege | D19: Information disclosure | E19: E-2 | F19: Conduct attacks using unauthorized ports, protocols and services. | G19: Realizar ataques usando puertos, protocolos y servicios no autorizados | H19: Adversarial | I19: Outsider (externo) | J19: Uso de puertos, protocolos o servicios no permitidos (por ejemplo, protocolos de administración inseguros) para entrar o salir de la red. | K19: Flujo; proceso perimetral | L19: C, I | M19: A.8.20; A.8.21; A.8.22; A.8.9 | N19: T1571 Non-Standard Port | P19: Baja | Q19: Sin mención relevante en fuentes del sector | R19: Vigente | S19: 1.0
A20: AMZ-19 | B20: Inyección de datos falsos pero creíbles | C20: Tampering | E20: E-2 | F20: Cause integrity loss by injecting false but believable data into organizational information systems. | G20: Provocar pérdida de integridad inyectando datos falsos pero creíbles en los sistemas | H20: Adversarial | I20: Insider (interno) | J20: Registro de información falsa pero verosímil (por ejemplo, en tickets, solicitudes o asignaciones) que lleva a decisiones o acciones incorrectas. | K20: Almacén; proceso de registro; flujo | L20: I | M20: A.8.15; A.5.33; A.8.32 | N20: T1565 Data Manipulation | P20: Baja | Q20: Sin mención relevante en fuentes del sector | R20: Vigente | S20: 1.0
A21: AMZ-20 | B21: Corrupción de datos críticos | C21: Tampering | D21: Denial of service | E21: E-2 | F21: Cause integrity loss by polluting or corrupting critical data. | G21: Provocar pérdida de integridad contaminando o corrompiendo datos críticos | H21: Adversarial | I21: Outsider (externo) | J21: Alteración de datos críticos (configuraciones, registros, respaldos) que afecta su confiabilidad. | K21: Almacén | L21: I | M21: A.8.13; A.8.15; A.8.24; A.8.3 | N21: T1565 Data Manipulation | P21: Baja | Q21: Sin mención relevante en fuentes del sector | R21: Vigente | S21: 1.0
A22: AMZ-21 | B22: Cambio erróneo o no autorizado en la configuración de seguridad | C22: Tampering | D22: Denial of service | E22: E-5 (org.) | F22: Organization-defined: Erroneous or unauthorized change to security configuration. | G22: Cambio erróneo o no autorizado en la configuración de seguridad | H22: Accidental | I22: Privileged User/Administrator (usuario privilegiado) | J22: Un cambio en reglas, políticas o exclusiones se aplica por error, sin autorización o de forma distinta a lo aprobado. | K22: Flujo de administración; dispositivo de seguridad | L22: I, D | M22: A.8.32; A.8.9; A.8.13; A.5.3 | O22: La Tabla E-3 no contiene un evento de error en cambios de configuración; se define conforme a la Tabla E-5. La variante intencional se cubre con AMZ-15 y AMZ-22. | P22: Baja | Q22: Sin mención relevante en fuentes del sector | R22: Vigente | S22: 1.0
A23: AMZ-22 | B23: Debilitamiento deliberado de controles de detección o auditoría | C23: Tampering | D23: Elevation of privilege | E23: E-2 | F23: Obfuscate adversary actions. | G23: Ocultar las acciones del adversario | H23: Adversarial | I23: Outsider (externo) | J23: Acciones para inhibir la eficacia de controles de detección o auditoría (por ejemplo, deshabilitar políticas o agregar exclusiones en herramientas de protección). | K23: Dispositivo de seguridad; proceso | L23: I, D | M23: A.8.7; A.8.16; A.8.32; A.8.2 | N23: T1562 Impair Defenses | P23: Baja | Q23: Sin mención relevante en fuentes del sector | R23: Vigente | S23: 1.0
A24: AMZ-23 | B24: Eliminación o alteración de bitácoras y evidencias | C24: Repudiation | D24: Tampering | E24: E-2 | F24: Obfuscate adversary actions. | G24: Ocultar las acciones del adversario | H24: Adversarial | I24: Insider (interno) | J24: Borrado o modificación de registros para ocultar acciones o impedir su atribución. | K24: Almacén tipo bitácora | L24: I | M24: A.8.15; A.5.28; A.5.33; A.8.17 | N24: T1070 Indicator Removal | P24: Baja | Q24: Sin mención relevante en fuentes del sector | R24: Vigente | S24: 1.0
A25: AMZ-24 | B25: Negación de una solicitud o acción sin evidencia suficiente | C25: Repudiation | E25: E-5 (org.) | F25: Organization-defined: Repudiation of a request or action. | G25: Repudio de una solicitud o acción | H25: Adversarial | I25: Customer (cliente) / Insider (interno) | J25: Una parte niega haber solicitado o ejecutado una acción y no existe evidencia suficiente para demostrarlo. | K25: Actor; almacén de registros | L25: I | M25: A.8.15; A.5.33; A.8.17 | O25: El repudio no está representado como evento en E-2/E-3; se define conforme a la Tabla E-5 por ser una categoría STRIDE relevante para la trazabilidad contractual. | P25: Baja | Q25: Sin mención relevante en fuentes del sector | R25: Vigente | S25: 1.0
A26: AMZ-25 | B26: Introducción de código malicioso conocido (incluye ransomware) | C26: Tampering | D26: Denial of service | E26: E-2 | F26: Deliver known malware to internal organizational information systems (e.g., virus via email). | G26: Entregar código malicioso conocido a sistemas internos (por ejemplo, virus por correo) | H26: Adversarial | I26: Outsider (externo) | J26: Instalación de código malicioso conocido mediante mecanismos comunes como el correo, con posible cifrado o daño de la información. | K26: Proceso; almacén | L26: C, I, D | M26: A.8.7; A.8.8; A.8.13; A.6.3 | N26: T1486 Data Encrypted for Impact | P26: Alta | Q26: FT-01; FT-03 | R26: Vigente | S26: 1.0
A27: AMZ-26 | B27: Denegación de servicio simple | C27: Denial of service | E27: E-2 | F27: Conduct simple Denial of Service (DoS) attack. | G27: Realizar un ataque simple de denegación de servicio | H27: Adversarial | I27: Outsider (externo) | J27: Intento de dejar indisponible o degradado un recurso accesible desde Internet. | K27: Proceso expuesto; flujo | L27: D | M27: A.8.6; A.8.20; A.8.14 | N27: T1499 Endpoint Denial of Service | P27: Media | Q27: FT-03 | R27: Vigente | S27: 1.0
A28: AMZ-27 | B28: Denegación de servicio distribuida | C28: Denial of service | E28: E-2 | F28: Conduct Distributed Denial of Service (DDoS) attacks. | G28: Realizar ataques de denegación de servicio distribuida | H28: Adversarial | I28: Outsider (externo) | J28: Uso de múltiples sistemas comprometidos contra un objetivo para causar indisponibilidad. | K28: Proceso expuesto; enlace | L28: D | M28: A.8.6; A.8.14; A.8.20; A.5.30 | N28: T1498 Network Denial of Service | P28: Alta | Q28: FT-03 | R28: Vigente | S28: 1.0
A29: AMZ-28 | B29: Degradación o interrupción de servicios seleccionados | C29: Denial of service | E29: E-2 | F29: Cause degradation or denial of attacker-selected services or capabilities. | G29: Provocar degradación o denegación de servicios o capacidades seleccionados por el atacante | H29: Adversarial | I29: Outsider (externo) | J29: Código malicioso dirigido a impedir el funcionamiento correcto y oportuno de servicios específicos. | K29: Proceso | L29: D | M29: A.8.7; A.8.16; A.5.30 | N29: T1489 Service Stop | P29: Media | Q29: FT-03 | R29: Vigente | S29: 1.0
A30: AMZ-29 | B30: Destrucción de componentes, datos o funciones críticas | C30: Denial of service | D30: Tampering | E30: E-2 | F30: Cause deterioration/destruction of critical information system components and functions. | G30: Provocar deterioro o destrucción de componentes y funciones críticas | H30: Adversarial | I30: Outsider (externo) | J30: Destrucción deliberada de componentes, datos o respaldos críticos para impedir la operación. | K30: Almacén; proceso | L30: I, D | M30: A.8.13; A.8.14; A.5.30 | N30: T1485 Data Destruction | P30: Media | Q30: FT-01 | R30: Vigente | S30: 1.0
A31: AMZ-30 | B31: Agotamiento de recursos | C31: Denial of service | E31: E-3 | F31: Resource depletion. | G31: Agotamiento de recursos | H31: Structural | I31: Processing (procesamiento) | J31: Degradación del procesamiento por falta de capacidad (CPU, memoria, almacenamiento, licencias, personal de atención). | K31: Proceso; almacén | L31: D | M31: A.8.6; A.8.16 | P31: Baja | Q31: Sin mención relevante en fuentes del sector | R31: Vigente | S31: 1.0
A32: AMZ-31 | B32: Falla de medios de almacenamiento | C32: Denial of service | D32: Information disclosure | E32: E-3 | F32: Disk error. | G32: Error de disco | H32: Structural | I32: Storage (almacenamiento) | J32: Corrupción o pérdida de datos por falla de los medios de almacenamiento. | K32: Almacén | L32: I, D | M32: A.8.13; A.8.14 | P32: Baja | Q32: Sin mención relevante en fuentes del sector | R32: Vigente | S32: 1.0
A33: AMZ-32 | B33: Incendio o inundación en la instalación principal | C33: Denial of service | E33: E-3 | F33: Fire at primary facility. / Flood at primary facility. | G33: Incendio / inundación en la instalación principal | H33: Environmental | I33: Fire / Flood (desastre) | J33: Evento ambiental que deja inoperable la instalación principal. | K33: Proceso; almacén (infraestructura) | L33: D | M33: A.7.5; A.5.30; A.8.14; A.8.13 | P33: Baja | Q33: Sin mención relevante en fuentes del sector | R33: Vigente | S33: 1.0
A34: AMZ-33 | B34: Interrupción de infraestructura de soporte (energía o telecomunicaciones) | C34: Denial of service | E34: E-5 (org.) | F34: Organization-defined: Supporting infrastructure outage. | G34: Interrupción de infraestructura de soporte | H34: Environmental | I34: Infrastructure Failure/Outage – Telecommunications / Electrical Power | J34: Interrupción de energía o enlaces de telecomunicaciones fuera del control de la organización. | K34: Flujo; proceso | L34: D | M34: A.7.11; A.8.14; A.5.30 | O34: La Tabla D-2 contempla la fuente 'Infrastructure Failure/Outage'; el evento se define conforme a la Tabla E-5. | P34: Baja | Q34: Sin mención relevante en fuentes del sector | R34: Vigente | S34: 1.0
A35: AMZ-34 | B35: Pérdida o destrucción de respaldos en la instalación de respaldo | C35: Denial of service | E35: E-3 | F35: Fire at backup facility. / Flood at backup facility. | G35: Incendio / inundación en la instalación de respaldo | H35: Environmental | I35: Fire / Flood (desastre) | J35: Evento que inutiliza la instalación de respaldo o destruye respaldos de software, configuraciones, datos o bitácoras. | K35: Almacén de respaldos | L35: D | M35: A.8.13; A.7.5; A.5.30 | P35: Baja | Q35: Sin mención relevante en fuentes del sector | R35: Vigente | S35: 1.0
A36: AMZ-35 | B36: Introducción de vulnerabilidades en productos de software | C36: Elevation of privilege | D36: Tampering | E36: E-3 | F36: Introduction of vulnerabilities into software products. | G36: Introducción de vulnerabilidades en productos de software | H36: Structural | I36: Software | J36: Debilidades inherentes a productos de software (incluidos los de seguridad) que introducen vulnerabilidades explotables. | K36: Proceso; dispositivo de seguridad | L36: C, I, D | M36: A.8.8; A.5.21; A.8.29 | P36: Media | Q36: FT-01; FT-03 | R36: Vigente | S36: 1.0
A37: AMZ-36 | B37: Clasificación o atención errónea de un evento de seguridad | C37: Denial of service | E37: E-5 (org.) | F37: Organization-defined: Misclassification of a security event. | G37: Clasificación errónea de un evento de seguridad | H37: Accidental | I37: User (usuario) | J37: Un evento de seguridad se clasifica o atiende como un caso ordinario, lo que retrasa su contención. | K37: Proceso de atención; actor de mesa de servicio | L37: C, I, D | M37: A.5.24; A.5.25; A.6.3; A.6.8 | O37: Evento propio de la gestión de servicios no representado en E-2/E-3; se define conforme a la Tabla E-5. | P37: Baja | Q37: Sin mención relevante en fuentes del sector | R37: Vigente | S37: 1.0
A38: AMZ-37 | B38: Recopilación de información pública para ataques dirigidos | C38: Information disclosure | D38: Spoofing | E38: E-2 | F38: Gather information using open source discovery of organizational information. | G38: Recopilar información mediante el descubrimiento de información de la organización en fuentes abiertas | H38: Adversarial | I38: Outsider (externo) | J38: Uso de información pública sobre personal, clientes o proveedores para preparar ataques o pretextos de suplantación. | K38: Actor; contexto general | L38: C | M38: A.6.3; A.5.12; A.5.14 | N38: T1593 Search Open Websites/Domains | P38: Media | Q38: FT-03 | R38: Vigente | S38: 1.0
A39: AMZ-38 | B39: Robo o sustracción de equipos o medios con información | C39: Information disclosure | E39: E-2 | F39: Obtain information by opportunistically stealing or scavenging information systems/components. | G39: Obtener información robando o recuperando de forma oportunista sistemas o componentes | H39: Adversarial | I39: Outsider (externo) | J39: Robo de equipos o medios desatendidos, o recuperación de componentes desechados que contienen información. | K39: Actor (equipo de usuario); almacén | L39: C | M39: A.8.1; A.7.9; A.7.10; A.7.14; A.8.24 | P39: Baja | Q39: Sin mención relevante en fuentes del sector | R39: Vigente | S39: 1.0
A40: AMZ-39 | B40: Uso de accesos vigentes de personal dado de baja | C40: Spoofing | D40: Elevation of privilege | E40: E-5 (org.) | F40: Organization-defined: Use of active access by former personnel. | G40: Uso de accesos vigentes de personal dado de baja | H40: Adversarial | I40: Outsider (externo; ex personal interno o de proveedor) | J40: Una persona que ya no labora en la organización o en un proveedor conserva y utiliza accesos activos. | K40: Actor; proceso con autenticación | L40: C, I | M40: A.5.18; A.6.5; A.5.19; A.5.20 | N40: T1078 Valid Accounts | O40: Se define conforme a la Tabla E-5; condición recurrente en servicios con terceros. | P40: Media | Q40: FT-04 | R40: Vigente | S40: 1.0

Sheet Fuentes_Tendencia
A1: Fuentes de tendencia del sector (aprobadas)
A2: Los hallazgos se resumen en español; consultar la fuente original para citar cifras en entregables formales.
A4: ID | B4: Fuente | C4: Emisor / fecha | D4: Hallazgos utilizados | E4: Amenazas que respalda | F4: Enlace
A5: FT-01 | B5: Data Breach Investigations Report (DBIR) 2026 | C5: Verizon Business – mayo 2026 | D5: La explotación de vulnerabilidades (31%) superó al abuso de credenciales (13%) como principal vector de acceso inicial. Se mantienen el ransomware, la ingeniería social (tercer patrón más común, 16%) y el riesgo de terceros; se reporta fuga de información sensible hacia plataformas de IA externas. Nota: cifras tomadas de la cobertura publicada; verificar contra el informe oficial. | E5: AMZ-01, 03, 09, 10, 12, 16, 17, 25, 29, 35 | F5: https://www.verizon.com/business/resources/reports/dbir/
A6: FT-02 | B6: Data Breach Investigations Report (DBIR) 2025 | C6: Verizon Business – abril 2025 | D6: La participación de terceros en brechas se duplicó al 30%; la explotación de vulnerabilidades creció 34%, con foco en dispositivos perimetrales y VPN; el abuso de credenciales (22%) y la explotación (20%) fueron los principales vectores iniciales. | E6: AMZ-02, 03, 04, 05, 11, 13, 15, 16, 17 | F6: https://verizon.com/about/news/2025-data-breach-investigations-report
A7: FT-03 | B7: ENISA Threat Landscape 2025 | C7: Agencia de la Unión Europea para la Ciberseguridad – octubre 2025 (incidentes jul-2024 a jun-2025) | D7: 4,875 incidentes analizados. Phishing (60%) y explotación de vulnerabilidades (21.3%) como principales vías de intrusión; DDoS como tipo de incidente dominante; ransomware como amenaza de mayor impacto; ataques a puntos de dependencia de la cadena de suministro digital; ingeniería social potenciada por IA. | E7: AMZ-01, 02, 05, 06, 09, 17, 25, 26, 27, 28, 35, 37 | F7: https://www.enisa.europa.eu/news/etl-2025-eu-consistently-targeted-by-diverse-yet-convergent-threat-groups
A8: FT-04 | B8: Joint Cybersecurity Advisory AA22-131A – Protecting Against Cyber Threats to Managed Service Providers and their Customers | C8: CISA, NSA, FBI, NCSC-UK, ACSC, CCCS, NCSC-NZ – mayo 2022 | D8: Aumento de actividad maliciosa contra proveedores de servicios administrados (MSP), con expectativa de continuidad; un ataque exitoso a un MSP puede tener efectos en cascada sobre sus clientes. Recomienda MFA, deshabilitar cuentas obsoletas, registro y monitoreo, y mínimo privilegio. | E8: AMZ-05, 15, 39 | F8: https://www.cisa.gov/ncas/alerts/aa22-131a
A11: Criterio de nivel de tendencia
A12: Alta | B12: La amenaza aparece como vector principal, de mayor frecuencia o de mayor impacto en al menos una fuente, o está dirigida específicamente a proveedores de servicios administrados.
A13: Media | B13: La amenaza aparece como tendencia relevante en al menos una fuente, sin ser vector principal.
A14: Baja | B14: Sin mención relevante en las fuentes del sector (por ejemplo, eventos ambientales, estructurales o de proceso). Se conserva por su relevancia operativa y de continuidad.
A16: Correspondencia con NIST SP 800-30 (opcional): Alta y Media equivalen a la relevancia 'Expected' de la Tabla E-4 (observada por pares del sector); Baja equivale a 'Possible'.

Sheet Aplicación
A1: Aplicación del catálogo por diagrama (estándar de 25)
A2: Hoja por proyecto. Llenar celdas amarillas; el resto se calcula. Para reutilizar con otro cliente, vaciar esta hoja.
A4: Modelo | B4: Diagrama | C4: Elemento DFD | D4: ID AMZ | E4: Título (auto) | F4: STRIDE (auto) | G4: Tendencia (auto) | H4: Cruza frontera (Sí/No) | I4: Multicliente (Sí/No) | J4: Sin control (Sí/No) | K4: Puntaje (auto) | L4: Lugar en el diagrama (auto) | M4: Priorizada (auto) | N4: Escenario / justificación
A5: VIVARO Telecom (ejemplo) | B5: DFD 1 – PRO-COP-OPE 6.2.2 | C5: Cliente | D5: AMZ-01 | E5: =IF($D5="","",IFERROR(INDEX(Catálogo!$B$2:$B$200,MATCH($D5,Catálogo!$A$2:$A$200,0)),"ID no existe")) -> Suplantación de un solicitante autorizado mediante ingeniería social | F5: =IF($D5="","",IFERROR(INDEX(Catálogo!$C$2:$C$200,MATCH($D5,Catálogo!$A$2:$A$200,0)),"")) -> Spoofing | G5: =IF($D5="","",IFERROR(INDEX(Catálogo!$P$2:$P$200,MATCH($D5,Catálogo!$A$2:$A$200,0)),"")) -> Alta | H5: Sí | I5: Sí | J5: Sí | K5: =IF($G5="","",IF($G5="Alta",3,IF($G5="Media",2,1))*10+COUNTIF($H5:$J5,"Sí")) -> 33 | L5: =IF($K5="","",COUNTIFS($B$5:$B$304,$B5,$K$5:$K$304,">"&$K5)+1) -> 1 | M5: =IF($L5="","",IF($L5<=25,"Sí","No")) -> Sí | N5: Ejemplo: la actividad 6.2.2.2 valida póliza activa pero no la identidad del solicitante.
E6: =IF($D6="","",IFERROR(INDEX(Catálogo!$B$2:$B$200,MATCH($D6,Catálogo!$A$2:$A$200,0)),"ID no existe")) | F6: =IF($D6="","",IFERROR(INDEX(Catálogo!$C$2:$C$200,MATCH($D6,Catálogo!$A$2:$A$200,0)),"")) | G6: =IF($D6="","",IFERROR(INDEX(Catálogo!$P$2:$P$200,MATCH($D6,Catálogo!$A$2:$A$200,0)),"")) | K6: =IF($G6="","",IF($G6="Alta",3,IF($G6="Media",2,1))*10+COUNTIF($H6:$J6,"Sí")) | L6: =IF($K6="","",COUNTIFS($B$5:$B$304,$B6,$K$5:$K$304,">"&$K6)+1) | M6: =IF($L6="","",IF($L6<=25,"Sí","No"))
E7: =IF($D7="","",IFERROR(INDEX(Catálogo!$B$2:$B$200,MATCH($D7,Catálogo!$A$2:$A$200,0)),"ID no existe")) | F7: =IF($D7="","",IFERROR(INDEX(Catálogo!$C$2:$C$200,MATCH($D7,Catálogo!$A$2:$A$200,0)),"")) | G7: =IF($D7="","",IFERROR(INDEX(Catálogo!$P$2:$P$200,MATCH($D7,Catálogo!$A$2:$A$200,0)),"")) | K7: =IF($G7="","",IF($G7="Alta",3,IF($G7="Media",2,1))*10+COUNTIF($H7:$J7,"Sí")) | L7: =IF($K7="","",COUNTIFS($B$5:$B$304,$B7,$K$5:$K$304,">"&$K7)+1) | M7: =IF($L7="","",IF($L7<=25,"Sí","No"))
E8: =IF($D8="","",IFERROR(INDEX(Catálogo!$B$2:$B$200,MATCH($D8,Catálogo!$A$2:$A$200,0)),"ID no existe")) | F8: =IF($D8="","",IFERROR(INDEX(Catálogo!$C$2:$C$200,MATCH($D8,Catálogo!$A$2:$A$200,0)),"")) | G8: =IF($D8="","",IFERROR(INDEX(Catálogo!$P$2:$P$200,MATCH($D8,Catálogo!$A$2:$A$200,0)),"")) | K8: =IF($G8="","",IF($G8="Alta",3,IF($G8="Media",2,1))*10+COUNTIF($H8:$J8,"Sí")) | L8: =IF($K8="","",COUNTIFS($B$5:$B$304,$B8,$K$5:$K$304,">"&$K8)+1) | M8: =IF($L8="","",IF($L8<=25,"Sí","No"))
E9: =IF($D9="","",IFERROR(INDEX(Catálogo!$B$2:$B$200,MATCH($D9,Catálogo!$A$2:$A$200,0)),"ID no existe")) | F9: =IF($D9="","",IFERROR(INDEX(Catálogo!$C$2:$C$200,MATCH($D9,Catálogo!$A$2:$A$200,0)),"")) | G9: =IF($D9="","",IFERROR(INDEX(Catálogo!$P$2:$P$200,MATCH($D9,Catálogo!$A$2:$A$200,0)),"")) | K9: =IF($G9="","",IF($G9="Alta",3,IF($G9="Media",2,1))*10+COUNTIF($H9:$J9,"Sí")) | L9: =IF($K9="","",COUNTIFS($B$5:$B$304,$B9,$K$5:$K$304,">"&$K9)+1) | M9: =IF($L9="","",IF($L9<=25,"Sí","No"))
E10: =IF($D10="","",IFERROR(INDEX(Catálogo!$B$2:$B$200,MATCH($D10,Catálogo!$A$2:$A$200,0)),"ID no existe")) | F10: =IF($D10="","",IFERROR(INDEX(Catálogo!$C$2:$C$200,MATCH($D10,Catálogo!$A$2:$A$200,0)),"")) | G10: =IF($D10="","",IFERROR(INDEX(Catálogo!$P$2:$P$200,MATCH($D10,Catálogo!$A$2:$A$200,0)),"")) | K10: =IF($G10="","",IF($G10="Alta",3,IF($G10="Media",2,1))*10+COUNTIF($H10:$J10,"Sí")) | L10: =IF($K10="","",COUNTIFS($B$5:$B$304,$B10,$K$5:$K$304,">"&$K10)+1) | M10: =IF($L10="","",IF($L10<=25,"Sí","No"))
E11: =IF($D11="","",IFERROR(INDEX(Catálogo!$B$2:$B$200,MATCH($D11,Catálogo!$A$2:$A$200,0)),"ID no existe")) | F11: =IF($D11="","",IFERROR(INDEX(Catálogo!$C$2:$C$200,MATCH($D11,Catálogo!$A$2:$A$200,0)),"")) | G11: =IF($D11="","",IFERROR(INDEX(Catálogo!$P$2:$P$200,MATCH($D11,Catálogo!$A$2:$A$200,0)),"")) | K11: =IF($G11="","",IF($G11="Alta",3,IF($G11="Media",2,1))*10+COUNTIF($H11:$J11,"Sí")) | L11: =IF($K11="","",COUNTIFS($B$5:$B$304,$B11,$K$5:$K$304,">"&$K11)+1) | M11: =IF($L11="","",IF($L11<=25,"Sí","No"))
E12: =IF($D12="","",IFERROR(INDEX(Catálogo!$B$2:$B$200,MATCH($D12,Catálogo!$A$2:$A$200,0)),"ID no existe")) | F12: =IF($D12="","",IFERROR(INDEX(Catálogo!$C$2:$C$200,MATCH($D12,Catálogo!$A$2:$A$200,0)),"")) | G12: =IF($D12="","",IFERROR(INDEX(Catálogo!$P$2:$P$200,MATCH($D12,Catálogo!$A$2:$A$200,0)),"")) | K12: =IF($G12="","",IF($G12="Alta",3,IF($G12="Media",2,1))*10+COUNTIF($H12:$J12,"Sí")) | L12: =IF($K12="","",COUNTIFS($B$5:$B$304,$B12,$K$5:$K$304,">"&$K12)+1) | M12: =IF($L12="","",IF($L12<=25,"Sí","No"))
E13: =IF($D13="","",IFERROR(INDEX(Catálogo!$B$2:$B$200,MATCH($D13,Catálogo!$A$2:$A$200,0)),"ID no existe")) | F13: =IF($D13="","",IFERROR(INDEX(Catálogo!$C$2:$C$200,MATCH($D13,Catálogo!$A$2:$A$200,0)),"")) | G13: =IF($D13="","",IFERROR(INDEX(Catálogo!$P$2:$P$200,MATCH($D13,Catálogo!$A$2:$A$200,0)),"")) | K13: =IF($G13="","",IF($G13="Alta",3,IF($G13="Media",2,1))*10+COUNTIF($H13:$J13,"Sí")) | L13: =IF($K13="","",COUNTIFS($B$5:$B$304,$B13,$K$5:$K$304,">"&$K13)+1) | M13: =IF($L13="","",IF($L13<=25,"Sí","No"))
E14: =IF($D14="","",IFERROR(INDEX(Catálogo!$B$2:$B$200,MATCH($D14,Catálogo!$A$2:$A$200,0)),"ID no existe")) | F14: =IF($D14="","",IFERROR(INDEX(Catálogo!$C$2:$C$200,MATCH($D14,Catálogo!$A$2:$A$200,0)),"")) | G14: =IF($D14="","",IFERROR(INDEX(Catálogo!$P$2:$P$200,MATCH($D14,Catálogo!$A$2:$A$200,0)),"")) | K14: =IF($G14="","",IF($G14="Alta",3,IF($G14="Media",2,1))*10+COUNTIF($H14:$J14,"Sí")) | L14: =IF($K14="","",COUNTIFS($B$5:$B$304,$B14,$K$5:$K$304,">"&$K14)+1) | M14: =IF($L14="","",IF($L14<=25,"Sí","No"))
E15: =IF($D15="","",IFERROR(INDEX(Catálogo!$B$2:$B$200,MATCH($D15,Catálogo!$A$2:$A$200,0)),"ID no existe")) | F15: =IF($D15="","",IFERROR(INDEX(Catálogo!$C$2:$C$200,MATCH($D15,Catálogo!$A$2:$A$200,0)),"")) | G15: =IF($D15="","",IFERROR(INDEX(Catálogo!$P$2:$P$200,MATCH($D15,Catálogo!$A$2:$A$200,0)),"")) | K15: =IF($G15="","",IF($G15="Alta",3,IF($G15="Media",2,1))*10+COUNTIF($H15:$J15,"Sí")) | L15: =IF($K15="","",COUNTIFS($B$5:$B$304,$B15,$K$5:$K$304,">"&$K15)+1) | M15: =IF($L15="","",IF($L15<=25,"Sí","No"))
E16: =IF($D16="","",IFERROR(INDEX(Catálogo!$B$2:$B$200,MATCH($D16,Catálogo!$A$2:$A$200,0)),"ID no existe")) | F16: =IF($D16="","",IFERROR(INDEX(Catálogo!$C$2:$C$200,MATCH($D16,Catálogo!$A$2:$A$200,0)),"")) | G16: =IF($D16="","",IFERROR(INDEX(Catálogo!$P$2:$P$200,MATCH($D16,Catálogo!$A$2:$A$200,0)),"")) | K16: =IF($G16="","",IF($G16="Alta",3,IF($G16="Media",2,1))*10+COUNTIF($H16:$J16,"Sí")) | L16: =IF($K16="","",COUNTIFS($B$5:$B$304,$B16,$K$5:$K$304,">"&$K16)+1) | M16: =IF($L16="","",IF($L16<=25,"Sí","No"))
E17: =IF($D17="","",IFERROR(INDEX(Catálogo!$B$2:$B$200,MATCH($D17,Catálogo!$A$2:$A$200,0)),"ID no existe")) | F17: =IF($D17="","",IFERROR(INDEX(Catálogo!$C$2:$C$200,MATCH($D17,Catálogo!$A$2:$A$200,0)),"")) | G17: =IF($D17="","",IFERROR(INDEX(Catálogo!$P$2:$P$200,MATCH($D17,Catálogo!$A$2:$A$200,0)),"")) | K17: =IF($G17="","",IF($G17="Alta",3,IF($G17="Media",2,1))*10+COUNTIF($H17:$J17,"Sí")) | L17: =IF($K17="","",COUNTIFS($B$5:$B$304,$B17,$K$5:$K$304,">"&$K17)+1) | M17: =IF($L17="","",IF($L17<=25,"Sí","No"))
... E304: =IF($D304="","",IFERROR(INDEX(Catálogo!$B$2:$B$200,MATCH($D304,Catálogo!$A$2:$A$200,0)),"ID no existe")) | F304: =IF($D304="","",IFERROR(INDEX(Catálogo!$C$2:$C$200,MATCH($D304,Catálogo!$A$2:$A$200,0)),"")) | G304: =IF($D304="","",IFERROR(INDEX(Catálogo!$P$2:$P$200,MATCH($D304,Catálogo!$A$2:$A$200,0)),"")) | K304: =IF($G304="","",IF($G304="Alta",3,IF($G304="Media",2,1))*10+COUNTIF($H304:$J304,"Sí")) | L304: =IF($K304="","",COUNTIFS($B$5:$B$304,$B304,$K$5:$K$304,">"&$K304)+1) | M304: =IF($L304="","",IF($L304<=25,"Sí","No"))

Sheet Ref_STRIDE
A1: STRIDE – categorías y aplicabilidad por elemento del DFD
A2: Fuente: Microsoft STRIDE; Shostack, A. (2014). Threat Modeling: Designing for Security. Wiley.
A4: Letra | B4: Categoría (inglés) | C4: Categoría (español) | D4: Propiedad afectada | E4: Pregunta guía
A5: S | B5: Spoofing | C5: Suplantación de identidad | D5: Autenticación | E5: ¿Alguien puede hacerse pasar por otro?
A6: T | B6: Tampering | C6: Manipulación / alteración | D6: Integridad | E6: ¿Alguien puede modificar datos o configuraciones sin autorización?
A7: R | B7: Repudiation | C7: Repudio | D7: No repudio | E7: ¿Alguien puede negar una acción sin que se pueda demostrar?
A8: I | B8: Information disclosure | C8: Divulgación de información | D8: Confidencialidad | E8: ¿Se puede exponer información a quien no debe verla?
A9: D | B9: Denial of service | C9: Denegación de servicio | D9: Disponibilidad | E9: ¿Se puede impedir que el servicio funcione?
A10: E | B10: Elevation of privilege | C10: Elevación de privilegios | D10: Autorización | E10: ¿Alguien puede obtener más permisos de los asignados?
A13: Elemento DFD | B13: S | C13: T | D13: R | E13: I | F13: D | G13: E
A14: Actor ('External Entity') | B14: ✔ | D14: ✔
A15: Proceso ('Process') | B15: ✔ | C15: ✔ | D15: ✔ | E15: ✔ | F15: ✔ | G15: ✔
A16: Almacén ('Data Store') | C16: ✔ | D16: ✔ (si es bitácora) | E16: ✔ | F16: ✔
A17: Flujo ('Data Flow') | C17: ✔ | E17: ✔ | F17: ✔

Sheet Ref_Fuentes_D-2
A1: Taxonomía de fuentes de amenaza
A2: Fuente: NIST SP 800-30 Rev.1, Apéndice D, Tabla D-2.
A4: Tipo | B4: Subtipos (inglés) | C4: Descripción
A5: Adversarial | B5: Individual (Outsider, Insider, Trusted Insider, Privileged Insider); Group (Ad hoc, Established); Organization (Competitor, Supplier, Partner, Customer); Nation-State | C5: Individuos, grupos, organizaciones o Estados que buscan explotar la dependencia de la organización en sus recursos de información. Se caracterizan por capacidad, intención y selección del objetivo.
A6: Accidental | B6: User; Privileged User/Administrator | C6: Acciones erróneas de personas en el curso de sus responsabilidades diarias.
A7: Structural | B7: IT Equipment; Environmental Controls; Software | C7: Fallas de equipos, controles ambientales o software.
A8: Environmental | B8: Natural or man-made disaster; Unusual Natural Event; Infrastructure Failure/Outage (Telecommunications, Electrical Power) | C8: Desastres naturales y fallas de infraestructura fuera del control de la organización.

Sheet Ref_Controles_ISO
A1: Controles de referencia
A2: Fuente: ISO/IEC 27001:2022, Anexo A. Nombres en español de referencia; verificar contra la versión oficial de la organización.
A4: Control | B4: Nombre (español) | C4: Tema
A5: A.5.3 | B5: Segregación de funciones | C5: Organizacionales
A6: A.5.7 | B6: Inteligencia de amenazas | C6: Organizacionales
A7: A.5.12 | B7: Clasificación de la información | C7: Organizacionales
A8: A.5.13 | B8: Etiquetado de la información | C8: Organizacionales
A9: A.5.14 | B9: Transferencia de información | C9: Organizacionales
A10: A.5.15 | B10: Control de acceso | C10: Organizacionales
A11: A.5.16 | B11: Gestión de identidades | C11: Organizacionales
A12: A.5.17 | B12: Información de autenticación | C12: Organizacionales
A13: A.5.18 | B13: Derechos de acceso | C13: Organizacionales
A14: A.5.19 | B14: Seguridad de la información en las relaciones con proveedores | C14: Organizacionales
A15: A.5.20 | B15: Tratamiento de la seguridad de la información en los acuerdos con proveedores | C15: Organizacionales
... A54: A.8.32 | B54: Gestión de cambios | C54: Tecnológicos

Sheet Resumen
A1: Resumen del catálogo (automático)
A3: STRIDE principal | B3: Amenazas
A4: Spoofing | B4: =COUNTIF(Catálogo!$C$2:$C$200,A4) -> 7
A5: Tampering | B5: =COUNTIF(Catálogo!$C$2:$C$200,A5) -> 6
A6: Repudiation | B6: =COUNTIF(Catálogo!$C$2:$C$200,A6) -> 2
A7: Information disclosure | B7: =COUNTIF(Catálogo!$C$2:$C$200,A7) -> 7
A8: Denial of service | B8: =COUNTIF(Catálogo!$C$2:$C$200,A8) -> 10
A9: Elevation of privilege | B9: =COUNTIF(Catálogo!$C$2:$C$200,A9) -> 7
A11: Tendencia del sector | B11: Amenazas
A12: Alta | B12: =COUNTIF(Catálogo!$P$2:$P$200,A12) -> 8
A13: Media | B13: =COUNTIF(Catálogo!$P$2:$P$200,A13) -> 14
A14: Baja | B14: =COUNTIF(Catálogo!$P$2:$P$200,A14) -> 17
A16: Origen del evento | B16: Amenazas
A17: E-2 | B17: =COUNTIF(Catálogo!$E$2:$E$200,A17) -> 24
A18: E-3 | B18: =COUNTIF(Catálogo!$E$2:$E$200,A18) -> 8
A19: E-5 (org.) | B19: =COUNTIF(Catálogo!$E$2:$E$200,A19) -> 7
A21: Tipo de fuente (D-2) | B21: Amenazas
A22: Adversarial | B22: =COUNTIF(Catálogo!$H$2:$H$200,A22) -> 28
A23: Accidental | B23: =COUNTIF(Catálogo!$H$2:$H$200,A23) -> 5
A24: Structural | B24: =COUNTIF(Catálogo!$H$2:$H$200,A24) -> 3
A25: Environmental | B25: =COUNTIF(Catálogo!$H$2:$H$200,A25) -> 3

Sheet Bitácora
A1: Bitácora de control de cambios
A3: Versión | B3: Fecha | C3: Responsable | D3: Descripción del cambio | E3: IDs afectados
A4: 1.0 | B4: 2026-10-07 | D4: Creación del catálogo: 39 amenazas (E-2, E-3 y eventos definidos por la organización conforme a E-5). | E4: AMZ-01 a AMZ-39
A5: 1.1 | B5: 2026-10-07 | D5: Simplificación: se elimina la relevancia por evidencia interna (Tabla E-4) y se sustituye por nivel de tendencia del sector con fuentes aprobadas (FT-01 a FT-04). Se formaliza el estándar de 25 amenazas por diagrama con selección automática. | E5: Todas
